mutants,T238,Y239,R245,T392,N394,Q414,N419,R499,Q500,Y651,R654,G655,E782,N968,R1015,N260,N413,G616,N888,AACombo,day,sgRNA,KO,screen
ZRp9v3,A,Y,R,A,N,R,N,A,A,H,A,A,K,K,H,N,N,G,N,AYRNANNRNAAGHAAKNKH,NA,NA,NA,NA
ZRp9v3-3,T,H,A,A,N,R,N,R,Q,Y,R,G,K,K,H,N,N,G,N,THANANNRNRQGYRGKNKH,D7,ZRP7b,2.36,1
ZRp9v3-3,T,H,A,A,N,R,N,R,Q,Y,R,G,K,K,H,N,N,G,N,THANANNRNRQGYRGKNKH,D7,ZRP7g,4.22,1
ZRp9v3-3,T,H,A,A,N,R,N,R,Q,Y,R,G,K,K,H,N,N,G,N,THANANNRNRQGYRGKNKH,D14,ZRP7b,8.52,1
ZRp9v3-3,T,H,A,A,N,R,N,R,Q,Y,R,G,K,K,H,N,N,G,N,THANANNRNRQGYRGKNKH,D14,ZRP7g,11.8,1
ZRp9v3-4,T,H,A,T,T,Q,D,R,Q,Y,R,G,K,K,H,N,N,G,N,THANTTNQDRQGYRGKNKH,D7,ZRP7b,3.91,1
ZRp9v3-4,T,H,A,T,T,Q,D,R,Q,Y,R,G,K,K,H,N,N,G,N,THANTTNQDRQGYRGKNKH,D7,ZRP7g,5.83,1
ZRp9v3-4,T,H,A,T,T,Q,D,R,Q,Y,R,G,K,K,H,N,N,G,N,THANTTNQDRQGYRGKNKH,D14,ZRP7b,21,1
ZRp9v3-4,T,H,A,T,T,Q,D,R,Q,Y,R,G,K,K,H,N,N,G,N,THANTTNQDRQGYRGKNKH,D14,ZRP7g,20,1
ZRp9v3-5,T,H,A,T,T,Q,N,R,Q,Y,A,A,K,K,H,N,N,G,N,THANTTNQNRQGYAAKNKH,D7,ZRP7b,2.9,1
ZRp9v3-5,T,H,A,T,T,Q,N,R,Q,Y,A,A,K,K,H,N,N,G,N,THANTTNQNRQGYAAKNKH,D7,ZRP7g,3.48,1
ZRp9v3-5,T,H,A,T,T,Q,N,R,Q,Y,A,A,K,K,H,N,N,G,N,THANTTNQNRQGYAAKNKH,D14,ZRP7b,5.15,1
ZRp9v3-5,T,H,A,T,T,Q,N,R,Q,Y,A,A,K,K,H,N,N,G,N,THANTTNQNRQGYAAKNKH,D14,ZRP7g,7.17,1
ZRp9v3-6,T,H,A,T,N,Q,D,A,A,Y,R,G,K,K,H,N,N,G,N,THANTNNQDAAGYRGKNKH,D7,ZRP7b,4.49,1
ZRp9v3-6,T,H,A,T,N,Q,D,A,A,Y,R,G,K,K,H,N,N,G,N,THANTNNQDAAGYRGKNKH,D7,ZRP7g,5.01,1
ZRp9v3-6,T,H,A,T,N,Q,D,A,A,Y,R,G,K,K,H,N,N,G,N,THANTNNQDAAGYRGKNKH,D14,ZRP7b,19.4,1
ZRp9v3-6,T,H,A,T,N,Q,D,A,A,Y,R,G,K,K,H,N,N,G,N,THANTNNQDAAGYRGKNKH,D14,ZRP7g,17.4,1
ZRp9v3-7,T,H,A,A,T,R,D,R,Q,Y,A,A,K,K,H,N,N,G,N,THANATNRDRQGYAAKNKH,D7,ZRP7b,2.4,1
ZRp9v3-7,T,H,A,A,T,R,D,R,Q,Y,A,A,K,K,H,N,N,G,N,THANATNRDRQGYAAKNKH,D7,ZRP7g,4.61,1
ZRp9v3-7,T,H,A,A,T,R,D,R,Q,Y,A,A,K,K,H,N,N,G,N,THANATNRDRQGYAAKNKH,D14,ZRP7b,3.31,1
ZRp9v3-7,T,H,A,A,T,R,D,R,Q,Y,A,A,K,K,H,N,N,G,N,THANATNRDRQGYAAKNKH,D14,ZRP7g,7.58,1
ZRp9v3-8,T,H,R,T,T,Q,S,A,A,Y,A,A,K,K,H,N,N,G,N,THRNTTNQSAAGYAAKNKH,D7,ZRP7b,12.6,1
ZRp9v3-8,T,H,R,T,T,Q,S,A,A,Y,A,A,K,K,H,N,N,G,N,THRNTTNQSAAGYAAKNKH,D7,ZRP7g,9.36,1
ZRp9v3-8,T,H,R,T,T,Q,S,A,A,Y,A,A,K,K,H,N,N,G,N,THRNTTNQSAAGYAAKNKH,D14,ZRP7b,58,1
ZRp9v3-8,T,H,R,T,T,Q,S,A,A,Y,A,A,K,K,H,N,N,G,N,THRNTTNQSAAGYAAKNKH,D14,ZRP7g,34.4,1
ZRp9v3-9,T,H,A,T,T,Q,N,A,A,Y,A,A,K,K,H,N,N,G,N,THANTTNQNAAGYAAKNKH,D7,ZRP7b,4,1
ZRp9v3-9,T,H,A,T,T,Q,N,A,A,Y,A,A,K,K,H,N,N,G,N,THANTTNQNAAGYAAKNKH,D7,ZRP7g,4.84,1
ZRp9v3-9,T,H,A,T,T,Q,N,A,A,Y,A,A,K,K,H,N,N,G,N,THANTTNQNAAGYAAKNKH,D14,ZRP7b,11.6,1
ZRp9v3-9,T,H,A,T,T,Q,N,A,A,Y,A,A,K,K,H,N,N,G,N,THANTTNQNAAGYAAKNKH,D14,ZRP7g,12.9,1
ZRp9v3-10,T,H,R,T,N,Q,D,R,Q,Y,A,A,K,K,H,N,N,G,N,THRNTNNQDRQGYAAKNKH,D7,ZRP7b,21.9,1
ZRp9v3-10,T,H,R,T,N,Q,D,R,Q,Y,A,A,K,K,H,N,N,G,N,THRNTNNQDRQGYAAKNKH,D7,ZRP7g,10.3,1
ZRp9v3-10,T,H,R,T,N,Q,D,R,Q,Y,A,A,K,K,H,N,N,G,N,THRNTNNQDRQGYAAKNKH,D14,ZRP7b,76.7,1
ZRp9v3-10,T,H,R,T,N,Q,D,R,Q,Y,A,A,K,K,H,N,N,G,N,THRNTNNQDRQGYAAKNKH,D14,ZRP7g,37.6,1
ZRp9v3-10,T,H,R,T,N,Q,D,R,Q,Y,A,A,K,K,H,N,N,G,N,THRNTNNQDRQGYAAKNKH,D7,ZRP7b,14.5,2
ZRp9v3-10,T,H,R,T,N,Q,D,R,Q,Y,A,A,K,K,H,N,N,G,N,THRNTNNQDRQGYAAKNKH,D14,ZRP7b,59.300000000000004,2
ZRp9v3-10,T,H,R,T,N,Q,D,R,Q,Y,A,A,K,K,H,N,N,G,N,THRNTNNQDRQGYAAKNKH,D7,ZRP7g,7.779999999999999,2
ZRp9v3-10,T,H,R,T,N,Q,D,R,Q,Y,A,A,K,K,H,N,N,G,N,THRNTNNQDRQGYAAKNKH,D14,ZRP7g,26.766666666666666,2
ZRp9v3-10,T,H,R,T,N,Q,D,R,Q,Y,A,A,K,K,H,N,N,G,N,THRNTNNQDRQGYAAKNKH,D7,ZRP7b,26.8,3
ZRp9v3-10,T,H,R,T,N,Q,D,R,Q,Y,A,A,K,K,H,N,N,G,N,THRNTNNQDRQGYAAKNKH,D14,ZRP7b,75.23333333333333,3
ZRp9v3-10,T,H,R,T,N,Q,D,R,Q,Y,A,A,K,K,H,N,N,G,N,THRNTNNQDRQGYAAKNKH,D7,ZRP7g,11.663333333333334,3
ZRp9v3-10,T,H,R,T,N,Q,D,R,Q,Y,A,A,K,K,H,N,N,G,N,THRNTNNQDRQGYAAKNKH,D14,ZRP7g,33.1,3
ZRp9v3-10,T,H,R,T,N,Q,D,R,Q,Y,A,A,K,K,H,N,N,G,N,THRNTNNQDRQGYAAKNKH,D7,ZRP7b,27.333333333333332,4
ZRp9v3-10,T,H,R,T,N,Q,D,R,Q,Y,A,A,K,K,H,N,N,G,N,THRNTNNQDRQGYAAKNKH,D14,ZRP7b,83.43333333333334,4
ZRp9v3-10,T,H,R,T,N,Q,D,R,Q,Y,A,A,K,K,H,N,N,G,N,THRNTNNQDRQGYAAKNKH,D7,ZRP7g,8.16,4
ZRp9v3-10,T,H,R,T,N,Q,D,R,Q,Y,A,A,K,K,H,N,N,G,N,THRNTNNQDRQGYAAKNKH,D14,ZRP7g,30.266666666666666,4
ZRp9v3-11,T,H,A,T,N,Q,N,A,A,Y,R,G,K,K,H,N,N,G,N,THANTNNQNAAGYRGKNKH,D7,ZRP7b,4.92,1
ZRp9v3-11,T,H,A,T,N,Q,N,A,A,Y,R,G,K,K,H,N,N,G,N,THANTNNQNAAGYRGKNKH,D7,ZRP7g,5.67,1
ZRp9v3-11,T,H,A,T,N,Q,N,A,A,Y,R,G,K,K,H,N,N,G,N,THANTNNQNAAGYRGKNKH,D14,ZRP7b,10.4,1
ZRp9v3-11,T,H,A,T,N,Q,N,A,A,Y,R,G,K,K,H,N,N,G,N,THANTNNQNAAGYRGKNKH,D14,ZRP7g,12.5,1
ZRp9v3-12,T,H,A,T,T,Q,S,R,Q,Y,A,A,K,K,H,N,N,G,N,THANTTNQSRQGYAAKNKH,D7,ZRP7b,3.68,1
ZRp9v3-12,T,H,A,T,T,Q,S,R,Q,Y,A,A,K,K,H,N,N,G,N,THANTTNQSRQGYAAKNKH,D7,ZRP7g,4.38,1
ZRp9v3-12,T,H,A,T,T,Q,S,R,Q,Y,A,A,K,K,H,N,N,G,N,THANTTNQSRQGYAAKNKH,D14,ZRP7b,14,1
ZRp9v3-12,T,H,A,T,T,Q,S,R,Q,Y,A,A,K,K,H,N,N,G,N,THANTTNQSRQGYAAKNKH,D14,ZRP7g,15.3,1
ZRp9v3-13,T,H,A,T,T,R,S,R,Q,Y,R,G,K,K,H,N,N,G,N,THANTTNRSRQGYRGKNKH,D7,ZRP7b,3,1
ZRp9v3-13,T,H,A,T,T,R,S,R,Q,Y,R,G,K,K,H,N,N,G,N,THANTTNRSRQGYRGKNKH,D7,ZRP7g,5.1,1
ZRp9v3-13,T,H,A,T,T,R,S,R,Q,Y,R,G,K,K,H,N,N,G,N,THANTTNRSRQGYRGKNKH,D14,ZRP7b,6.04,1
ZRp9v3-13,T,H,A,T,T,R,S,R,Q,Y,R,G,K,K,H,N,N,G,N,THANTTNRSRQGYRGKNKH,D14,ZRP7g,11.1,1
ZRp9v3-14,A,H,R,A,T,Q,G,R,Q,Y,R,G,K,K,H,N,N,G,N,AHRNATNQGRQGYRGKNKH,D7,ZRP7b,6.97,1
ZRp9v3-14,A,H,R,A,T,Q,G,R,Q,Y,R,G,K,K,H,N,N,G,N,AHRNATNQGRQGYRGKNKH,D7,ZRP7g,9.58,1
ZRp9v3-14,A,H,R,A,T,Q,G,R,Q,Y,R,G,K,K,H,N,N,G,N,AHRNATNQGRQGYRGKNKH,D14,ZRP7b,33.4,1
ZRp9v3-14,A,H,R,A,T,Q,G,R,Q,Y,R,G,K,K,H,N,N,G,N,AHRNATNQGRQGYRGKNKH,D14,ZRP7g,36.4,1
ZRp9v3-15,T,H,A,T,T,Q,D,R,Q,H,R,G,K,K,H,N,N,G,N,THANTTNQDRQGHRGKNKH,D7,ZRP7b,3.97,1
ZRp9v3-15,T,H,A,T,T,Q,D,R,Q,H,R,G,K,K,H,N,N,G,N,THANTTNQDRQGHRGKNKH,D7,ZRP7g,4.67,1
ZRp9v3-15,T,H,A,T,T,Q,D,R,Q,H,R,G,K,K,H,N,N,G,N,THANTTNQDRQGHRGKNKH,D14,ZRP7b,16.4,1
ZRp9v3-15,T,H,A,T,T,Q,D,R,Q,H,R,G,K,K,H,N,N,G,N,THANTTNQDRQGHRGKNKH,D14,ZRP7g,17.8,1
ZRp9v3-16,T,H,R,T,N,Q,D,A,A,H,R,G,K,K,H,N,N,G,N,THRNTNNQDAAGHRGKNKH,D7,ZRP7b,11.9,1
ZRp9v3-16,T,H,R,T,N,Q,D,A,A,H,R,G,K,K,H,N,N,G,N,THRNTNNQDAAGHRGKNKH,D7,ZRP7g,8.25,1
ZRp9v3-16,T,H,R,T,N,Q,D,A,A,H,R,G,K,K,H,N,N,G,N,THRNTNNQDAAGHRGKNKH,D14,ZRP7b,58.1,1
ZRp9v3-16,T,H,R,T,N,Q,D,A,A,H,R,G,K,K,H,N,N,G,N,THRNTNNQDAAGHRGKNKH,D14,ZRP7g,38,1
ZRp9v3-16,T,H,R,T,N,Q,D,A,A,H,R,G,K,K,H,N,N,G,N,THRNTNNQDAAGHRGKNKH,D7,ZRP7b,13.9,4
ZRp9v3-16,T,H,R,T,N,Q,D,A,A,H,R,G,K,K,H,N,N,G,N,THRNTNNQDAAGHRGKNKH,D14,ZRP7b,59.43333333333334,4
ZRp9v3-16,T,H,R,T,N,Q,D,A,A,H,R,G,K,K,H,N,N,G,N,THRNTNNQDAAGHRGKNKH,D7,ZRP7g,6.773333333333333,4
ZRp9v3-16,T,H,R,T,N,Q,D,A,A,H,R,G,K,K,H,N,N,G,N,THRNTNNQDAAGHRGKNKH,D14,ZRP7g,31.033333333333335,4
ZRp9v3-17,T,H,A,T,T,R,G,R,Q,Y,A,A,K,K,H,N,N,G,N,THANTTNRGRQGYAAKNKH,D7,ZRP7b,3.02,1
ZRp9v3-17,T,H,A,T,T,R,G,R,Q,Y,A,A,K,K,H,N,N,G,N,THANTTNRGRQGYAAKNKH,D7,ZRP7g,6.31,1
ZRp9v3-17,T,H,A,T,T,R,G,R,Q,Y,A,A,K,K,H,N,N,G,N,THANTTNRGRQGYAAKNKH,D14,ZRP7b,5.96,1
ZRp9v3-17,T,H,A,T,T,R,G,R,Q,Y,A,A,K,K,H,N,N,G,N,THANTTNRGRQGYAAKNKH,D14,ZRP7g,12.2,1
ZRp9v3-18,A,H,R,A,T,Q,G,R,Q,Y,A,A,K,K,H,N,N,G,N,AHRNATNQGRQGYAAKNKH,D7,ZRP7b,10.5,1
ZRp9v3-18,A,H,R,A,T,Q,G,R,Q,Y,A,A,K,K,H,N,N,G,N,AHRNATNQGRQGYAAKNKH,D7,ZRP7g,8.11,1
ZRp9v3-18,A,H,R,A,T,Q,G,R,Q,Y,A,A,K,K,H,N,N,G,N,AHRNATNQGRQGYAAKNKH,D14,ZRP7b,50.4,1
ZRp9v3-18,A,H,R,A,T,Q,G,R,Q,Y,A,A,K,K,H,N,N,G,N,AHRNATNQGRQGYAAKNKH,D14,ZRP7g,33.8,1
ZRp9v3-19,T,H,R,T,A,R,D,R,Q,Y,A,A,K,K,H,N,N,G,N,THRNTANRDRQGYAAKNKH,D7,ZRP7b,6.71,1
ZRp9v3-19,T,H,R,T,A,R,D,R,Q,Y,A,A,K,K,H,N,N,G,N,THRNTANRDRQGYAAKNKH,D7,ZRP7g,8.68,1
ZRp9v3-19,T,H,R,T,A,R,D,R,Q,Y,A,A,K,K,H,N,N,G,N,THRNTANRDRQGYAAKNKH,D14,ZRP7b,53.4,1
ZRp9v3-19,T,H,R,T,A,R,D,R,Q,Y,A,A,K,K,H,N,N,G,N,THRNTANRDRQGYAAKNKH,D14,ZRP7g,47.3,1
ZRp9v3-20,T,H,A,T,T,Q,D,R,Q,Y,A,A,K,K,H,N,N,G,N,THANTTNQDRQGYAAKNKH,D7,ZRP7b,6.71,1
ZRp9v3-20,T,H,A,T,T,Q,D,R,Q,Y,A,A,K,K,H,N,N,G,N,THANTTNQDRQGYAAKNKH,D7,ZRP7g,8.68,1
ZRp9v3-20,T,H,A,T,T,Q,D,R,Q,Y,A,A,K,K,H,N,N,G,N,THANTTNQDRQGYAAKNKH,D14,ZRP7b,15.5,1
ZRp9v3-20,T,H,A,T,T,Q,D,R,Q,Y,A,A,K,K,H,N,N,G,N,THANTTNQDRQGYAAKNKH,D14,ZRP7g,14.9,1
ZRp9v3-22,T,H,R,T,N,R,D,R,Q,H,R,G,K,K,H,N,N,G,N,THRNTNNRDRQGHRGKNKH,D7,ZRP7b,18.6,1
ZRp9v3-22,T,H,R,T,N,R,D,R,Q,H,R,G,K,K,H,N,N,G,N,THRNTNNRDRQGHRGKNKH,D7,ZRP7g,24,1
ZRp9v3-22,T,H,R,T,N,R,D,R,Q,H,R,G,K,K,H,N,N,G,N,THRNTNNRDRQGHRGKNKH,D14,ZRP7b,45,1
ZRp9v3-22,T,H,R,T,N,R,D,R,Q,H,R,G,K,K,H,N,N,G,N,THRNTNNRDRQGHRGKNKH,D14,ZRP7g,44.8,1
ZRp9v3-23,T,H,A,A,T,R,N,A,A,H,R,G,K,K,H,N,N,G,N,THANATNRNAAGHRGKNKH,D7,ZRP7b,2.01,1
ZRp9v3-23,T,H,A,A,T,R,N,A,A,H,R,G,K,K,H,N,N,G,N,THANATNRNAAGHRGKNKH,D7,ZRP7g,6.14,1
ZRp9v3-23,T,H,A,A,T,R,N,A,A,H,R,G,K,K,H,N,N,G,N,THANATNRNAAGHRGKNKH,D14,ZRP7b,3.45,1
ZRp9v3-23,T,H,A,A,T,R,N,A,A,H,R,G,K,K,H,N,N,G,N,THANATNRNAAGHRGKNKH,D14,ZRP7g,7.32,1
ZRp9v3-24,T,H,R,T,T,Q,D,R,Q,Y,A,A,K,K,H,N,N,G,N,THRNTTNQDRQGYAAKNKH,D7,ZRP7b,13.4,1
ZRp9v3-24,T,H,R,T,T,Q,D,R,Q,Y,A,A,K,K,H,N,N,G,N,THRNTTNQDRQGYAAKNKH,D7,ZRP7g,9.27,1
ZRp9v3-24,T,H,R,T,T,Q,D,R,Q,Y,A,A,K,K,H,N,N,G,N,THRNTTNQDRQGYAAKNKH,D14,ZRP7b,56.2,1
ZRp9v3-24,T,H,R,T,T,Q,D,R,Q,Y,A,A,K,K,H,N,N,G,N,THRNTTNQDRQGYAAKNKH,D14,ZRP7g,37.4,1
ZRp9v3-25,T,H,A,T,N,Q,N,R,Q,H,R,G,K,K,H,N,N,G,N,THANTNNQNRQGHRGKNKH,D7,ZRP7b,3.75,1
ZRp9v3-25,T,H,A,T,N,Q,N,R,Q,H,R,G,K,K,H,N,N,G,N,THANTNNQNRQGHRGKNKH,D7,ZRP7g,5.6,1
ZRp9v3-25,T,H,A,T,N,Q,N,R,Q,H,R,G,K,K,H,N,N,G,N,THANTNNQNRQGHRGKNKH,D14,ZRP7b,11.6,1
ZRp9v3-25,T,H,A,T,N,Q,N,R,Q,H,R,G,K,K,H,N,N,G,N,THANTNNQNRQGHRGKNKH,D14,ZRP7g,14.1,1
ZRp9v3-27,T,H,A,T,N,Q,N,R,Q,Y,A,A,K,K,H,N,N,G,N,THANTNNQNRQGYAAKNKH,D7,ZRP7b,8.18,1
ZRp9v3-27,T,H,A,T,N,Q,N,R,Q,Y,A,A,K,K,H,N,N,G,N,THANTNNQNRQGYAAKNKH,D7,ZRP7g,7.23,1
ZRp9v3-27,T,H,A,T,N,Q,N,R,Q,Y,A,A,K,K,H,N,N,G,N,THANTNNQNRQGYAAKNKH,D14,ZRP7b,19.3,1
ZRp9v3-27,T,H,A,T,N,Q,N,R,Q,Y,A,A,K,K,H,N,N,G,N,THANTNNQNRQGYAAKNKH,D14,ZRP7g,13.6,1
ZRp9v3-28,T,H,A,T,A,Q,S,R,Q,Y,R,G,K,K,H,N,N,G,N,THANTANQSRQGYRGKNKH,D7,ZRP7b,2.71,1
ZRp9v3-28,T,H,A,T,A,Q,S,R,Q,Y,R,G,K,K,H,N,N,G,N,THANTANQSRQGYRGKNKH,D7,ZRP7g,6.31,1
ZRp9v3-28,T,H,A,T,A,Q,S,R,Q,Y,R,G,K,K,H,N,N,G,N,THANTANQSRQGYRGKNKH,D14,ZRP7b,4.06,1
ZRp9v3-28,T,H,A,T,A,Q,S,R,Q,Y,R,G,K,K,H,N,N,G,N,THANTANQSRQGYRGKNKH,D14,ZRP7g,8.69,1
ZRp9v3-29,T,H,A,A,A,R,D,R,Q,Y,R,G,K,K,H,N,N,G,N,THANAANRDRQGYRGKNKH,D7,ZRP7b,2.84,1
ZRp9v3-29,T,H,A,A,A,R,D,R,Q,Y,R,G,K,K,H,N,N,G,N,THANAANRDRQGYRGKNKH,D7,ZRP7g,5.16,1
ZRp9v3-29,T,H,A,A,A,R,D,R,Q,Y,R,G,K,K,H,N,N,G,N,THANAANRDRQGYRGKNKH,D14,ZRP7b,6.66,1
ZRp9v3-29,T,H,A,A,A,R,D,R,Q,Y,R,G,K,K,H,N,N,G,N,THANAANRDRQGYRGKNKH,D14,ZRP7g,11.9,1
ZRp19A,T,R,R,T,N,Q,D,R,Q,Y,A,A,K,K,H,N,N,G,N,TRRNTNNQDRQGYAAKNKH,D7,ZRP7b,6.125,2
ZRp19A,T,R,R,T,N,Q,D,R,Q,Y,A,A,K,K,H,N,N,G,N,TRRNTNNQDRQGYAAKNKH,D14,ZRP7b,33.96666666666667,2
ZRp19A,T,R,R,T,N,Q,D,R,Q,Y,A,A,K,K,H,N,N,G,N,TRRNTNNQDRQGYAAKNKH,D7,ZRP7g,6.955,2
ZRp19A,T,R,R,T,N,Q,D,R,Q,Y,A,A,K,K,H,N,N,G,N,TRRNTNNQDRQGYAAKNKH,D14,ZRP7g,25.4,2
ZRp19B,T,R,K,T,N,Q,D,R,Q,Y,A,A,K,K,H,N,N,G,N,TRKNTNNQDRQGYAAKNKH,D7,ZRP7b,3.41,2
ZRp19B,T,R,K,T,N,Q,D,R,Q,Y,A,A,K,K,H,N,N,G,N,TRKNTNNQDRQGYAAKNKH,D14,ZRP7b,18.933333333333334,2
ZRp19B,T,R,K,T,N,Q,D,R,Q,Y,A,A,K,K,H,N,N,G,N,TRKNTNNQDRQGYAAKNKH,D7,ZRP7g,4.72,2
ZRp19B,T,R,K,T,N,Q,D,R,Q,Y,A,A,K,K,H,N,N,G,N,TRKNTNNQDRQGYAAKNKH,D14,ZRP7g,20.333333333333336,2
ZRp19D,T,H,K,T,N,Q,D,R,Q,Y,A,A,K,K,H,N,N,G,N,THKNTNNQDRQGYAAKNKH,D7,ZRP7b,NA,2
ZRp19D,T,H,K,T,N,Q,D,R,Q,Y,A,A,K,K,H,N,N,G,N,THKNTNNQDRQGYAAKNKH,D14,ZRP7b,21.5,2
ZRp19D,T,H,K,T,N,Q,D,R,Q,Y,A,A,K,K,H,N,N,G,N,THKNTNNQDRQGYAAKNKH,D7,ZRP7g,NA,2
ZRp19D,T,H,K,T,N,Q,D,R,Q,Y,A,A,K,K,H,N,N,G,N,THKNTNNQDRQGYAAKNKH,D14,ZRP7g,17.6,2
ZRp19E,T,H,A,T,N,Q,D,R,Q,Y,A,A,K,K,H,N,N,G,N,THANTNNQDRQGYAAKNKH,D7,ZRP7b,4.525,2
ZRp19E,T,H,A,T,N,Q,D,R,Q,Y,A,A,K,K,H,N,N,G,N,THANTNNQDRQGYAAKNKH,D14,ZRP7b,22.03333333333333,2
ZRp19E,T,H,A,T,N,Q,D,R,Q,Y,A,A,K,K,H,N,N,G,N,THANTNNQDRQGYAAKNKH,D7,ZRP7g,4.18,2
ZRp19E,T,H,A,T,N,Q,D,R,Q,Y,A,A,K,K,H,N,N,G,N,THANTNNQDRQGYAAKNKH,D14,ZRP7g,13.27,2
ZRp19E,T,H,A,T,N,Q,D,R,Q,Y,A,A,K,K,H,N,N,G,N,THANTNNQDRQGYAAKNKH,D7,ZRP7b,7.253333333333334,3
ZRp19E,T,H,A,T,N,Q,D,R,Q,Y,A,A,K,K,H,N,N,G,N,THANTNNQDRQGYAAKNKH,D14,ZRP7b,30.1,3
ZRp19E,T,H,A,T,N,Q,D,R,Q,Y,A,A,K,K,H,N,N,G,N,THANTNNQDRQGYAAKNKH,D7,ZRP7g,6.333333333333333,3
ZRp19E,T,H,A,T,N,Q,D,R,Q,Y,A,A,K,K,H,N,N,G,N,THANTNNQDRQGYAAKNKH,D14,ZRP7g,14,3
ZRp19F,T,R,R,A,T,Q,D,R,Q,Y,A,A,K,K,H,N,N,G,N,TRRNATNQDRQGYAAKNKH,D7,ZRP7b,5.205,2
ZRp19F,T,R,R,A,T,Q,D,R,Q,Y,A,A,K,K,H,N,N,G,N,TRRNATNQDRQGYAAKNKH,D14,ZRP7b,25.133333333333333,2
ZRp19F,T,R,R,A,T,Q,D,R,Q,Y,A,A,K,K,H,N,N,G,N,TRRNATNQDRQGYAAKNKH,D7,ZRP7g,6.555,2
ZRp19F,T,R,R,A,T,Q,D,R,Q,Y,A,A,K,K,H,N,N,G,N,TRRNATNQDRQGYAAKNKH,D14,ZRP7g,22.733333333333334,2
ZRp19G,T,H,R,A,T,Q,D,R,Q,Y,A,A,K,K,H,N,N,G,N,THRNATNQDRQGYAAKNKH,D7,ZRP7b,3.25,2
ZRp19G,T,H,R,A,T,Q,D,R,Q,Y,A,A,K,K,H,N,N,G,N,THRNATNQDRQGYAAKNKH,D14,ZRP7b,19.433333333333334,2
ZRp19G,T,H,R,A,T,Q,D,R,Q,Y,A,A,K,K,H,N,N,G,N,THRNATNQDRQGYAAKNKH,D7,ZRP7g,3.825,2
ZRp19G,T,H,R,A,T,Q,D,R,Q,Y,A,A,K,K,H,N,N,G,N,THRNATNQDRQGYAAKNKH,D14,ZRP7g,17.133333333333333,2
ZRp55,T,Y,R,T,N,Q,N,R,Q,Y,R,G,E,N,R,D,N,G,N,TYRDTNNQNRQGYRGENNR,D7,ZRP7b,0.47000000000000003,4
ZRp55,T,Y,R,T,N,Q,N,R,Q,Y,R,G,E,N,R,D,N,G,N,TYRDTNNQNRQGYRGENNR,D14,ZRP7b,1.0866666666666667,4
ZRp55,T,Y,R,T,N,Q,N,R,Q,Y,R,G,E,N,R,D,N,G,N,TYRDTNNQNRQGYRGENNR,D7,ZRP7g,1.73,4
ZRp55,T,Y,R,T,N,Q,N,R,Q,Y,R,G,E,N,R,D,N,G,N,TYRDTNNQNRQGYRGENNR,D14,ZRP7g,3.7133333333333334,4
ZRp54,T,Y,R,T,N,Q,N,R,Q,Y,R,G,K,K,H,D,N,G,N,TYRDTNNQNRQGYRGKNKH,D7,ZRP7b,34.4,4
ZRp54,T,Y,R,T,N,Q,N,R,Q,Y,R,G,K,K,H,D,N,G,N,TYRDTNNQNRQGYRGKNKH,D14,ZRP7b,87.33333333333333,4
ZRp54,T,Y,R,T,N,Q,N,R,Q,Y,R,G,K,K,H,D,N,G,N,TYRDTNNQNRQGYRGKNKH,D7,ZRP7g,8.303333333333333,4
ZRp54,T,Y,R,T,N,Q,N,R,Q,Y,R,G,K,K,H,D,N,G,N,TYRDTNNQNRQGYRGKNKH,D14,ZRP7g,36.233333333333334,4
ZRp46,T,Y,A,T,N,Q,A,R,Q,Y,A,G,K,K,H,N,A,G,N,TYANTNAQARQGYAGKNKH,D7,ZRP7b,8.37,3
ZRp46,T,Y,A,T,N,Q,A,R,Q,Y,A,G,K,K,H,N,A,G,N,TYANTNAQARQGYAGKNKH,D14,ZRP7b,34.833333333333336,3
ZRp46,T,Y,A,T,N,Q,A,R,Q,Y,A,G,K,K,H,N,A,G,N,TYANTNAQARQGYAGKNKH,D7,ZRP7g,6.966666666666667,3
ZRp46,T,Y,A,T,N,Q,A,R,Q,Y,A,G,K,K,H,N,A,G,N,TYANTNAQARQGYAGKNKH,D14,ZRP7g,17,3
ZRp46,T,Y,A,T,N,Q,A,R,Q,Y,A,G,K,K,H,N,A,G,N,TYANTNAQARQGYAGKNKH,D7,ZRP7b,7.62,4
ZRp46,T,Y,A,T,N,Q,A,R,Q,Y,A,G,K,K,H,N,A,G,N,TYANTNAQARQGYAGKNKH,D14,ZRP7b,36.13333333333333,4
ZRp46,T,Y,A,T,N,Q,A,R,Q,Y,A,G,K,K,H,N,A,G,N,TYANTNAQARQGYAGKNKH,D7,ZRP7g,3.8866666666666667,4
ZRp46,T,Y,A,T,N,Q,A,R,Q,Y,A,G,K,K,H,N,A,G,N,TYANTNAQARQGYAGKNKH,D14,ZRP7g,16.133333333333333,4
AWp124,T,Y,R,T,N,Q,N,R,Q,Y,R,G,K,K,H,N,N,G,N,TYRNTNNQNRQGYRGKNKH,D7,ZRP7b,24.7,1
AWp124,T,Y,R,T,N,Q,N,R,Q,Y,R,G,K,K,H,N,N,G,N,TYRNTNNQNRQGYRGKNKH,D7,ZRP7g,14.7,1
AWp124,T,Y,R,T,N,Q,N,R,Q,Y,R,G,K,K,H,N,N,G,N,TYRNTNNQNRQGYRGKNKH,D14,ZRP7b,83.7,1
AWp124,T,Y,R,T,N,Q,N,R,Q,Y,R,G,K,K,H,N,N,G,N,TYRNTNNQNRQGYRGKNKH,D14,ZRP7g,52.8,1
AWp124,T,Y,R,T,N,Q,N,R,Q,Y,R,G,K,K,H,N,N,G,N,TYRNTNNQNRQGYRGKNKH,D7,ZRP7b,18.25,2
AWp124,T,Y,R,T,N,Q,N,R,Q,Y,R,G,K,K,H,N,N,G,N,TYRNTNNQNRQGYRGKNKH,D14,ZRP7b,69.46666666666667,2
AWp124,T,Y,R,T,N,Q,N,R,Q,Y,R,G,K,K,H,N,N,G,N,TYRNTNNQNRQGYRGKNKH,D7,ZRP7g,12.45,2
AWp124,T,Y,R,T,N,Q,N,R,Q,Y,R,G,K,K,H,N,N,G,N,TYRNTNNQNRQGYRGKNKH,D14,ZRP7g,39.96666666666667,2
AWp124,T,Y,R,T,N,Q,N,R,Q,Y,R,G,K,K,H,N,N,G,N,TYRNTNNQNRQGYRGKNKH,D7,ZRP7b,30.4,3
AWp124,T,Y,R,T,N,Q,N,R,Q,Y,R,G,K,K,H,N,N,G,N,TYRNTNNQNRQGYRGKNKH,D14,ZRP7b,79.8,3
AWp124,T,Y,R,T,N,Q,N,R,Q,Y,R,G,K,K,H,N,N,G,N,TYRNTNNQNRQGYRGKNKH,D7,ZRP7g,20.066666666666666,3
AWp124,T,Y,R,T,N,Q,N,R,Q,Y,R,G,K,K,H,N,N,G,N,TYRNTNNQNRQGYRGKNKH,D14,ZRP7g,47.1,3
AWp124,T,Y,R,T,N,Q,N,R,Q,Y,R,G,K,K,H,N,N,G,N,TYRNTNNQNRQGYRGKNKH,D7,ZRP7b,31.5,4
AWp124,T,Y,R,T,N,Q,N,R,Q,Y,R,G,K,K,H,N,N,G,N,TYRNTNNQNRQGYRGKNKH,D14,ZRP7b,83.73333333333333,4
AWp124,T,Y,R,T,N,Q,N,R,Q,Y,R,G,K,K,H,N,N,G,N,TYRNTNNQNRQGYRGKNKH,D7,ZRP7g,14.6,4
AWp124,T,Y,R,T,N,Q,N,R,Q,Y,R,G,K,K,H,N,N,G,N,TYRNTNNQNRQGYRGKNKH,D14,ZRP7g,46.1,4
ZRp9v3_10,T,H,R,T,N,Q,D,R,Q,Y,A,A,K,K,H,N,N,G,N,THRNTNNQDRQGYAAKNKH,NA,NA,NA,NA
ZRp9v3_16,T,H,R,T,N,Q,D,A,A,H,R,G,K,K,H,N,N,G,N,THRNTNNQDAAGHRGKNKH,NA,NA,NA,NA
ZRp52,T,H,R,T,N,Q,D,R,Q,Y,A,A,K,K,H,N,N,D,Q,THRNTNNQDRQDYAAKQKH,D7,ZRP7b,38.63333333333333,4
ZRp52,T,H,R,T,N,Q,D,R,Q,Y,A,A,K,K,H,N,N,D,Q,THRNTNNQDRQDYAAKQKH,D14,ZRP7b,90.86666666666666,4
ZRp52,T,H,R,T,N,Q,D,R,Q,Y,A,A,K,K,H,N,N,D,Q,THRNTNNQDRQDYAAKQKH,D7,ZRP7g,8.51,4
ZRp52,T,H,R,T,N,Q,D,R,Q,Y,A,A,K,K,H,N,N,D,Q,THRNTNNQDRQDYAAKQKH,D14,ZRP7g,29.8,4
ZRp53,T,H,R,T,N,Q,D,A,A,H,R,G,K,K,H,N,N,G,Q,THRNTNNQDAAGHRGKQKH,D7,ZRP7b,21.333333333333332,4
ZRp53,T,H,R,T,N,Q,D,A,A,H,R,G,K,K,H,N,N,G,Q,THRNTNNQDAAGHRGKQKH,D14,ZRP7b,74.9,4
ZRp53,T,H,R,T,N,Q,D,A,A,H,R,G,K,K,H,N,N,G,Q,THRNTNNQDAAGHRGKQKH,D7,ZRP7g,7.333333333333333,4
ZRp53,T,H,R,T,N,Q,D,A,A,H,R,G,K,K,H,N,N,G,Q,THRNTNNQDAAGHRGKQKH,D14,ZRP7g,28.9,4
ZRp45,T,Y,A,T,N,Q,A,R,Q,Y,A,G,E,N,R,N,A,G,N,TYANTNAQARQGYAGENNR,D7,ZRP7b,2.2866666666666666,3
ZRp45,T,Y,A,T,N,Q,A,R,Q,Y,A,G,E,N,R,N,A,G,N,TYANTNAQARQGYAGENNR,D14,ZRP7b,4.58,3
ZRp45,T,Y,A,T,N,Q,A,R,Q,Y,A,G,E,N,R,N,A,G,N,TYANTNAQARQGYAGENNR,D7,ZRP7g,5.05,3
ZRp45,T,Y,A,T,N,Q,A,R,Q,Y,A,G,E,N,R,N,A,G,N,TYANTNAQARQGYAGENNR,D14,ZRP7g,6.253333333333333,3
ZRp47,T,Y,R,T,N,Q,A,R,Q,Y,A,G,K,K,H,N,A,G,N,TYRNTNAQARQGYAGKNKH,D7,ZRP7b,28.166666666666668,3
ZRp47,T,Y,R,T,N,Q,A,R,Q,Y,A,G,K,K,H,N,A,G,N,TYRNTNAQARQGYAGKNKH,D14,ZRP7b,79.73333333333333,3
ZRp47,T,Y,R,T,N,Q,A,R,Q,Y,A,G,K,K,H,N,A,G,N,TYRNTNAQARQGYAGKNKH,D7,ZRP7g,16.133333333333333,3
ZRp47,T,Y,R,T,N,Q,A,R,Q,Y,A,G,K,K,H,N,A,G,N,TYRNTNAQARQGYAGKNKH,D14,ZRP7g,38.766666666666666,3
ZRp48,T,H,R,T,N,Q,A,R,Q,Y,A,G,K,K,H,N,A,G,N,THRNTNAQARQGYAGKNKH,D7,ZRP7b,9.84,3
ZRp48,T,H,R,T,N,Q,A,R,Q,Y,A,G,K,K,H,N,A,G,N,THRNTNAQARQGYAGKNKH,D14,ZRP7b,43.06666666666667,3
ZRp48,T,H,R,T,N,Q,A,R,Q,Y,A,G,K,K,H,N,A,G,N,THRNTNAQARQGYAGKNKH,D7,ZRP7g,13.1,3
ZRp48,T,H,R,T,N,Q,A,R,Q,Y,A,G,K,K,H,N,A,G,N,THRNTNAQARQGYAGKNKH,D14,ZRP7g,34.53333333333333,3
ZRp49,T,H,A,T,N,Q,A,R,Q,Y,A,G,K,K,H,N,A,G,N,THANTNAQARQGYAGKNKH,D7,ZRP7b,3.3066666666666666,3
ZRp49,T,H,A,T,N,Q,A,R,Q,Y,A,G,K,K,H,N,A,G,N,THANTNAQARQGYAGKNKH,D14,ZRP7b,9.006666666666668,3
ZRp49,T,H,A,T,N,Q,A,R,Q,Y,A,G,K,K,H,N,A,G,N,THANTNAQARQGYAGKNKH,D7,ZRP7g,5.616666666666666,3
ZRp49,T,H,A,T,N,Q,A,R,Q,Y,A,G,K,K,H,N,A,G,N,THANTNAQARQGYAGKNKH,D14,ZRP7g,8.926666666666666,3
ZRp50,T,Y,R,T,N,Q,D,R,Q,Y,A,A,K,K,H,N,N,G,N,TYRNTNNQDRQGYAAKNKH,D7,ZRP7b,38.266666666666666,3
ZRp50,T,Y,R,T,N,Q,D,R,Q,Y,A,A,K,K,H,N,N,G,N,TYRNTNNQDRQGYAAKNKH,D14,ZRP7b,88.06666666666666,3
ZRp50,T,Y,R,T,N,Q,D,R,Q,Y,A,A,K,K,H,N,N,G,N,TYRNTNNQDRQGYAAKNKH,D7,ZRP7g,13.066666666666666,3
ZRp50,T,Y,R,T,N,Q,D,R,Q,Y,A,A,K,K,H,N,N,G,N,TYRNTNNQDRQGYAAKNKH,D14,ZRP7g,32.56666666666666,3
ZRp51,T,Y,A,T,N,Q,D,R,Q,Y,A,A,K,K,H,N,N,G,N,TYANTNNQDRQGYAAKNKH,D7,ZRP7b,20.9,3
ZRp51,T,Y,A,T,N,Q,D,R,Q,Y,A,A,K,K,H,N,N,G,N,TYANTNNQDRQGYAAKNKH,D14,ZRP7b,65.63333333333334,3
ZRp51,T,Y,A,T,N,Q,D,R,Q,Y,A,A,K,K,H,N,N,G,N,TYANTNNQDRQGYAAKNKH,D7,ZRP7g,7.176666666666667,3
ZRp51,T,Y,A,T,N,Q,D,R,Q,Y,A,A,K,K,H,N,N,G,N,TYANTNNQDRQGYAAKNKH,D14,ZRP7g,14.366666666666667,3
